"first_name","last_name","email","age","address","vehicle","language","phone_number","allow_contact"
"Elizabeth","Baxter","elizabethbaxter@googlemail.com","21","44, Anfield road, Liverpool, L12 7TY","Mercedes-Benz C Class AMG","Shelta","0141209087","Yes"
"Steven","James","stevenjames@googlemail.com","78","1, Glasgow Road, Edinburgh, EH56 4RE","Ford Focus ST","Welsh","0114575643","Yes"
"Margaret","Martin","margaretmartin@aol.com","27","22, Glendale Road, stirling FK11 5TY","Mercedes-Benz C Class AMG","Angloromani","01872306610","Yes"
"Dorothy","Hayes","dorothyhayes@googlemail.com","40","64, Busy Street, London, W2 3RT","Audi A3","Manx","0117201897","No"
"Mary","Baxter","marybaxter@live.co.uk","49","22, Glendale Road, stirling FK11 5TY","Mercedes-Benz AMG GT","Scottish","0114480615","No"
"Richard","James","richardjames@gmail.com","85","44, Anfield road, Liverpool, L12 7TY","Land Rover Discovery","Welsh","0113445726","No"
"Christopher","Brown","christopherbrown@googlemail.com","77","44, Anfield road, Liverpool, L12 7TY","Mercedes-Benz A Class AMG","Manx","02050412923","No"
"John","Baxter","johnbaxter@hotmail.co.uk","67","10, Pinetree Avenue, Lenzie, G66 7YU","Vauxhall Adam","Gaelic","01792413419","Yes"
"Joshua","Brown","joshuabrown@googlemail.com","47","123 Fake Lane, Fakeland, G12 3RE","Range Rover Sport","British Sign Language","01506875199","No"
"Carol","Baxter","carolbaxter@gmail.com","70","123 Fake Lane, Fakeland, G12 3RE","Vauxhall Corsa","Gaelic","0114836999","No"